Discipline,School,List_Number,Merit_Position,Aggregate
BBA,NBS,1,391,77.17
BBA,NBS,2,625,75.03
BBA,NBS,3,697,74.38
BBA,NBS,4,719,74.18
BBA,NBS,5,748,73.91
BBA,NBS,6,753,73.87
BBA,NBS,7,762,73.78
BBA,NBS,8,763,73.77
BBA,NBS,9,763,73.77
BBA,NBS,10,768,73.73
BBA,NBS,11,771,73.7
BBA,NBS,Final,773,73.68
BE Aerospace Engineering,CAE,1,939,74.4
BE Aerospace Engineering,CAE,2,1626,69.76
BE Aerospace Engineering,CAE,3,2181,68.2
BE Aerospace Engineering,CAE,4,2263,67.97
BE Aerospace Engineering,CAE,5,2263,67.97
BE Aerospace Engineering,CAE,6,2309,67.84
BE Aerospace Engineering,CAE,7,2462,67.42
BE Aerospace Engineering,CAE,8,2462,67.42
BE Aerospace Engineering,CAE,9,2462,67.42
BE Aerospace Engineering,CAE,10,2470,67.4
BE Aerospace Engineering,CAE,11,2470,67.4
BE Aerospace Engineering,CAE,Final,2470,67.4
BE Aerospace Engineering,SMME,1,892,74.74
BE Aerospace Engineering,SMME,2,1769,69.36
BE Aerospace Engineering,SMME,3,2028,68.63
BE Aerospace Engineering,SMME,4,2118,68.38
BE Aerospace Engineering,SMME,5,2195,68.16
BE Aerospace Engineering,SMME,6,2246,68.02
BE Aerospace Engineering,SMME,7,2333,67.78
BE Aerospace Engineering,SMME,8,2333,67.78
BE Aerospace Engineering,SMME,9,2410,67.56
BE Aerospace Engineering,SMME,10,2493,67.36
BE Aerospace Engineering,SMME,11,2526,67.28
BE Aerospace Engineering,SMME,Final,2526,67.28
BE Avionics Engineering,CAE,1,1222,72.38
BE Avionics Engineering,CAE,2,2346,67.74
BE Avionics Engineering,CAE,3,2731,66.84
BE Avionics Engineering,CAE,4,2845,66.45
BE Avionics Engineering,CAE,5,2845,66.45
BE Avionics Engineering,CAE,6,2845,66.45
BE Avionics Engineering,CAE,7,2845,66.45
BE Avionics Engineering,CAE,8,2845,66.45
BE Avionics Engineering,CAE,9,2845,66.45
BE Avionics Engineering,CAE,10,2879,66.33
BE Avionics Engineering,CAE,11,2922,66.18
BE Avionics Engineering,CAE,Final,2922,66.18
BE Chemical Engineering,SCME,1,2030,54.75
BE Chemical Engineering,SCME,2,3424,55.6
BE Chemical Engineering,SCME,3,4278,56.39
BE Chemical Engineering,SCME,4,4728,56.81
BE Chemical Engineering,SCME,5,4925,56.99
BE Chemical Engineering,SCME,6,4950,57.01
BE Chemical Engineering,SCME,7,4953,57.02
BE Chemical Engineering,SCME,8,5089,57.14
BE Chemical Engineering,SCME,9,5142,57.19
BE Chemical Engineering,SCME,10,5246,57.29
BE Chemical Engineering,SCME,11,5284,57.32
BE Chemical Engineering,SCME,Final,5377,57.41
BE Civil Engineering,MCE,1,5772,59.82
BE Civil Engineering,MCE,2,5933,59.58
BE Civil Engineering,MCE,3,6561,56.76
BE Civil Engineering,MCE,4,7423,54.82
BE Civil Engineering,MCE,5,8082,54.7
BE Civil Engineering,MCE,6,8552,53.48
BE Civil Engineering,MCE,7,8961,53.43
BE Civil Engineering,MCE,8,8918,53.44
BE Civil Engineering,MCE,9,8918,53.44
BE Civil Engineering,MCE,10,9067,53.42
BE Civil Engineering,MCE,11,9254,53.37
BE Civil Engineering,MCE,Final,9604,53.12
BE Civil Engineering,NBC,1,7440,54.95
BE Civil Engineering,NBC,2,7886,55.89
BE Civil Engineering,NBC,3,8184,54.08
BE Civil Engineering,NBC,4,9037,53.43
BE Civil Engineering,NBC,5,10081,52.77
BE Civil Engineering,NBC,6,11119,52.01
BE Civil Engineering,NBC,7,11999,51.36
BE Civil Engineering,NBC,8,12715,50.83
BE Civil Engineering,NBC,9,13359,50.36
BE Civil Engineering,NBC,10,14149,50.01
BE Civil Engineering,NBC,11,14805,49.91
BE Civil Engineering,NBC,Final,15826,49.75
BE Civil Engineering,NICE,1,1778,69.34
BE Civil Engineering,NICE,2,3107,65.24
BE Civil Engineering,NICE,3,3933,63.79
BE Civil Engineering,NICE,4,4504,62.73
BE Civil Engineering,NICE,5,4786,62.2
BE Civil Engineering,NICE,6,4830,62.12
BE Civil Engineering,NICE,7,4900,62
BE Civil Engineering,NICE,8,5006,61.77
BE Civil Engineering,NICE,9,5023,61.72
BE Civil Engineering,NICE,10,5057,61.63
BE Civil Engineering,NICE,11,5229,61.15
BE Civil Engineering,NICE,Final,5407,60.66
BE Computer Engineering,CEME,1,1072,75.05
BE Computer Engineering,CEME,2,2101,71.39
BE Computer Engineering,CEME,3,2642,70
BE Computer Engineering,CEME,4,2944,69.49
BE Computer Engineering,CEME,5,2897,69.57
BE Computer Engineering,CEME,6,2897,69.57
BE Computer Engineering,CEME,7,2997,69.39
BE Computer Engineering,CEME,8,3044,69.31
BE Computer Engineering,CEME,9,3098,69.22
BE Computer Engineering,CEME,10,3174,69.09
BE Computer Engineering,CEME,11,3216,69.02
BE Computer Engineering,CEME,Final,3260,68.94
BE Computer Engineering,SEECS,1,327,79.58
BE Computer Engineering,SEECS,2,754,76.99
BE Computer Engineering,SEECS,3,876,76.09
BE Computer Engineering,SEECS,4,987,75.35
BE Computer Engineering,SEECS,5,1073,75.04
BE Computer Engineering,SEECS,6,1079,75.02
BE Computer Engineering,SEECS,7,1192,74.62
BE Computer Engineering,SEECS,8,1204,74.57
BE Computer Engineering,SEECS,9,1204,74.57
BE Computer Engineering,SEECS,10,1204,74.57
BE Computer Engineering,SEECS,11,1204,74.57
BE Computer Engineering,SEECS,Final,1226,74.49
BE Electrical Engineering,CEME,1,2914,66.21
BE Electrical Engineering,CEME,2,3604,64.4
BE Electrical Engineering,CEME,3,4098,63.48
BE Electrical Engineering,CEME,4,4387,62.94
BE Electrical Engineering,CEME,5,4407,62.91
BE Electrical Engineering,CEME,6,4526,62.69
BE Electrical Engineering,CEME,7,4532,62.67
BE Electrical Engineering,CEME,8,4562,62.62
BE Electrical Engineering,CEME,9,4745,62.28
BE Electrical Engineering,CEME,10,4837,62.11
BE Electrical Engineering,CEME,11,4991,61.81
BE Electrical Engineering,CEME,Final,5179,61.29
BE Electrical Engineering,MCS,1,3432,64.72
BE Electrical Engineering,MCS,2,4532,62.67
BE Electrical Engineering,MCS,3,5192,61.25
BE Electrical Engineering,MCS,4,5793,59.79
BE Electrical Engineering,MCS,5,5850,59.7
BE Electrical Engineering,MCS,6,5859,59.69
BE Electrical Engineering,MCS,7,5929,59.58
BE Electrical Engineering,MCS,8,6150,58.65
BE Electrical Engineering,MCS,9,6365,57.22
BE Electrical Engineering,MCS,10,6797,56.21
BE Electrical Engineering,MCS,11,7233,55.2
BE Electrical Engineering,MCS,Final,7488,55.3
BE Electrical Engineering,PNEC,1,3637,64.34
BE Electrical Engineering,PNEC,2,4896,62.01
BE Electrical Engineering,PNEC,3,5805,59.77
BE Electrical Engineering,PNEC,4,6485,56.94
BE Electrical Engineering,PNEC,5,6798,56.21
BE Electrical Engineering,PNEC,6,7035,55.66
BE Electrical Engineering,PNEC,7,7128,55.44
BE Electrical Engineering,PNEC,8,7317,55
BE Electrical Engineering,PNEC,9,7566,55.88
BE Electrical Engineering,PNEC,10,7709,56.86
BE Electrical Engineering,PNEC,11,7874,55.96
BE Electrical Engineering,PNEC,Final,8008,55.15
BE Electrical Engineering,SEECS,1,691,76.18
BE Electrical Engineering,SEECS,2,1356,71.42
BE Electrical Engineering,SEECS,3,1575,69.91
BE Electrical Engineering,SEECS,4,1658,69.67
BE Electrical Engineering,SEECS,5,1703,69.55
BE Electrical Engineering,SEECS,6,1703,69.55
BE Electrical Engineering,SEECS,7,1703,69.55
BE Electrical Engineering,SEECS,8,1737,69.45
BE Electrical Engineering,SEECS,9,1745,69.43
BE Electrical Engineering,SEECS,10,1774,69.35
BE Electrical Engineering,SEECS,11,1821,69.22
BE Electrical Engineering,SEECS,Final,1821,69.22
BE Environmental Engineering,IESE,1,2259,54.52
BE Environmental Engineering,IESE,2,3493,55.66
BE Environmental Engineering,IESE,3,4465,56.56
BE Environmental Engineering,IESE,4,5399,57.43
BE Environmental Engineering,IESE,5,5717,57.73
BE Environmental Engineering,IESE,6,5906,57.9
BE Environmental Engineering,IESE,7,5929,57.92
BE Environmental Engineering,IESE,8,6060,58.04
BE Environmental Engineering,IESE,9,6187,58.16
BE Environmental Engineering,IESE,10,6488,58.44
BE Environmental Engineering,IESE,11,6799,58.73
BE Environmental Engineering,IESE,Final,6915,58.84
BE Geoinformatics,IGIS,1,2028,68.63
BE Geoinformatics,IGIS,2,3261,65.02
BE Geoinformatics,IGIS,3,4352,63.01
BE Geoinformatics,IGIS,4,5215,61.19
BE Geoinformatics,IGIS,5,5792,59.79
BE Geoinformatics,IGIS,6,5986,59.49
BE Geoinformatics,IGIS,7,6025,59.43
BE Geoinformatics,IGIS,8,6043,59.41
BE Geoinformatics,IGIS,9,6074,59.36
BE Geoinformatics,IGIS,10,6414,57.1
BE Geoinformatics,IGIS,11,6564,56.75
BE Geoinformatics,IGIS,Final,6699,56.44
BE Material Engineering,SCME,1,2778,66.69
BE Material Engineering,SCME,2,4077,63.52
BE Material Engineering,SCME,3,4908,61.99
BE Material Engineering,SCME,4,5640,60.03
BE Material Engineering,SCME,5,6037,59.42
BE Material Engineering,SCME,6,6336,57.28
BE Material Engineering,SCME,7,6573,56.73
BE Material Engineering,SCME,8,6674,56.5
BE Material Engineering,SCME,9,6800,56.2
BE Material Engineering,SCME,10,6983,55.78
BE Material Engineering,SCME,11,7325,54.98
BE Material Engineering,SCME,Final,7501,55.4
BE Mechanical Engineering,CEME,1,2980,65.97
BE Mechanical Engineering,CEME,2,3900,63.85
BE Mechanical Engineering,CEME,3,4554,62.63
BE Mechanical Engineering,CEME,4,4728,62.31
BE Mechanical Engineering,CEME,5,4751,62.27
BE Mechanical Engineering,CEME,6,4907,61.99
BE Mechanical Engineering,CEME,7,4952,61.91
BE Mechanical Engineering,CEME,8,5053,61.64
BE Mechanical Engineering,CEME,9,5076,61.57
BE Mechanical Engineering,CEME,10,5114,61.47
BE Mechanical Engineering,CEME,11,5333,60.87
BE Mechanical Engineering,CEME,Final,5422,60.62
BE Mechanical Engineering,PNEC,1,3847,63.95
BE Mechanical Engineering,PNEC,2,4957,61.9
BE Mechanical Engineering,PNEC,3,5822,59.75
BE Mechanical Engineering,PNEC,4,6360,57.23
BE Mechanical Engineering,PNEC,5,6621,56.62
BE Mechanical Engineering,PNEC,6,6626,56.61
BE Mechanical Engineering,PNEC,7,6633,56.59
BE Mechanical Engineering,PNEC,8,6669,56.51
BE Mechanical Engineering,PNEC,9,6670,56.51
BE Mechanical Engineering,PNEC,10,6888,56
BE Mechanical Engineering,PNEC,11,7047,55.63
BE Mechanical Engineering,PNEC,Final,6888,56
BE Mechanical Engineering,SMME,1,1012,73.88
BE Mechanical Engineering,SMME,2,1713,69.52
BE Mechanical Engineering,SMME,3,1874,69.07
BE Mechanical Engineering,SMME,4,1946,68.86
BE Mechanical Engineering,SMME,5,1959,68.83
BE Mechanical Engineering,SMME,6,2012,68.68
BE Mechanical Engineering,SMME,7,2012,68.68
BE Mechanical Engineering,SMME,8,2021,68.65
BE Mechanical Engineering,SMME,9,2126,68.36
BE Mechanical Engineering,SMME,10,2264,67.97
BE Mechanical Engineering,SMME,11,2328,67.79
BE Mechanical Engineering,SMME,Final,2355,67.71
BE Mechatronics Engineering,CEME,1,1929,68.91
BE Mechatronics Engineering,CEME,2,2837,66.48
BE Mechatronics Engineering,CEME,3,3337,64.9
BE Mechatronics Engineering,CEME,4,3589,64.43
BE Mechatronics Engineering,CEME,5,3638,64.34
BE Mechatronics Engineering,CEME,6,3654,64.31
BE Mechatronics Engineering,CEME,7,3812,64.01
BE Mechatronics Engineering,CEME,8,4008,63.65
BE Mechatronics Engineering,CEME,9,4020,63.63
BE Mechatronics Engineering,CEME,10,4034,63.6
BE Mechatronics Engineering,CEME,11,4091,63.49
BE Mechatronics Engineering,CEME,Final,4144,63.4
BE Naval Architecture,PNEC,1,5430,-154.88
BE Naval Architecture,PNEC,2,7322,-233.9
BE Naval Architecture,PNEC,3,7890,-257.63
BE Naval Architecture,PNEC,4,8342,-276.5
BE Naval Architecture,PNEC,5,8799,-295.59
BE Naval Architecture,PNEC,6,9648,-331.05
BE Naval Architecture,PNEC,7,10560,-369.14
BE Naval Architecture,PNEC,8,11554,-410.65
BE Naval Architecture,PNEC,9,12512,-450.66
BE Naval Architecture,PNEC,10,13467,-490.55
BE Naval Architecture,PNEC,11,13959,-511.1
BE Naval Architecture,PNEC,Final,14420,-530.35
BE Software Engineering,MCS,1,819,76.51
BE Software Engineering,MCS,2,1991,71.7
BE Software Engineering,MCS,3,2636,70.01
BE Software Engineering,MCS,4,3031,69.34
BE Software Engineering,MCS,5,3090,69.24
BE Software Engineering,MCS,6,3169,69.1
BE Software Engineering,MCS,7,3336,68.81
BE Software Engineering,MCS,8,3411,68.68
BE Software Engineering,MCS,9,3409,68.69
BE Software Engineering,MCS,10,3409,68.69
BE Software Engineering,MCS,11,3409,68.69
BE Software Engineering,MCS,Final,3409,68.69
BE Software Engineering,SEECS,1,115,82.83
BE Software Engineering,SEECS,2,416,79.32
BE Software Engineering,SEECS,3,629,77.81
BE Software Engineering,SEECS,4,753,77
BE Software Engineering,SEECS,5,774,76.84
BE Software Engineering,SEECS,6,788,76.74
BE Software Engineering,SEECS,7,829,76.43
BE Software Engineering,SEECS,8,839,76.36
BE Software Engineering,SEECS,9,839,76.36
BE Software Engineering,SEECS,10,839,76.36
BE Software Engineering,SEECS,11,839,76.36
BE Software Engineering,SEECS,Final,846,76.31
BS Accounting & Finance,NBS,1,407,77.02
BS Accounting & Finance,NBS,2,600,75.26
BS Accounting & Finance,NBS,3,676,74.57
BS Accounting & Finance,NBS,4,714,74.22
BS Accounting & Finance,NBS,5,714,74.22
BS Accounting & Finance,NBS,6,714,74.22
BS Accounting & Finance,NBS,7,714,74.22
BS Accounting & Finance,NBS,8,714,74.22
BS Accounting & Finance,NBS,9,715,74.21
BS Accounting & Finance,NBS,10,740,73.98
BS Accounting & Finance,NBS,11,744,73.95
BS Accounting & Finance,NBS,Final,759,73.81
BS Agriculture,ASAB,1,326,72.75
BS Agriculture,ASAB,2,547,70.56
BS Agriculture,ASAB,3,755,68.72
BS Agriculture,ASAB,4,961,67.59
BS Agriculture,ASAB,5,1053,67.08
BS Agriculture,ASAB,6,1157,66.51
BS Agriculture,ASAB,7,1281,65.83
BS Agriculture,ASAB,8,1314,65.65
BS Agriculture,ASAB,9,1396,65.2
BS Agriculture,ASAB,10,1477,63.63
BS Agriculture,ASAB,11,1599,59.93
BS Agriculture,ASAB,Final,1646,58.51
BS Architecture,SADA,1,62,69.48
BS Architecture,SADA,2,118,67.05
BS Architecture,SADA,3,118,67.05
BS Architecture,SADA,4,118,67.05
BS Architecture,SADA,5,118,67.05
BS Architecture,SADA,6,123,66.83
BS Architecture,SADA,7,123,66.83
BS Architecture,SADA,8,123,66.83
BS Architecture,SADA,9,125,66.74
BS Architecture,SADA,10,126,66.7
BS Architecture,SADA,11,126,66.7
BS Architecture,SADA,Final,126,66.7
BS Artificial Intelligence,NBC,1,1214,74.54
BS Artificial Intelligence,NBC,2,1960,71.79
BS Artificial Intelligence,NBC,3,3129,69.17
BS Artificial Intelligence,NBC,4,4743,65.97
BS Artificial Intelligence,NBC,5,6230,61.57
BS Artificial Intelligence,NBC,6,7889,59.56
BS Artificial Intelligence,NBC,7,9606,56.69
BS Artificial Intelligence,NBC,8,11181,54.06
BS Artificial Intelligence,NBC,9,12658,51.59
BS Artificial Intelligence,NBC,10,14071,49.23
BS Artificial Intelligence,NBC,11,14308,48.83
BS Artificial Intelligence,NBC,Final,14410,48.66
BS Artificial Intelligence,SEECS,1,298,79.45
BS Artificial Intelligence,SEECS,2,486,78.87
BS Artificial Intelligence,SEECS,3,564,78.27
BS Artificial Intelligence,SEECS,4,571,78.22
BS Artificial Intelligence,SEECS,5,571,78.22
BS Artificial Intelligence,SEECS,6,571,78.22
BS Artificial Intelligence,SEECS,7,571,78.22
BS Artificial Intelligence,SEECS,8,591,78.06
BS Artificial Intelligence,SEECS,9,591,78.06
BS Artificial Intelligence,SEECS,10,591,78.06
BS Artificial Intelligence,SEECS,11,642,77.73
BS Artificial Intelligence,SEECS,Final,642,77.73
BS Bioinformatics,SINES,1,60,77.02
BS Bioinformatics,SINES,2,134,74.66
BS Bioinformatics,SINES,3,218,73.83
BS Bioinformatics,SINES,4,346,72.56
BS Bioinformatics,SINES,5,363,72.39
BS Bioinformatics,SINES,6,373,72.29
BS Bioinformatics,SINES,7,374,72.28
BS Bioinformatics,SINES,8,375,72.27
BS Bioinformatics,SINES,9,376,72.26
BS Bioinformatics,SINES,10,380,72.22
BS Bioinformatics,SINES,11,383,72.19
BS Bioinformatics,SINES,Final,383,72.19
BS Biotechnology,ASAB,1,84,75.81
BS Biotechnology,ASAB,2,178,74.23
BS Biotechnology,ASAB,3,208,73.93
BS Biotechnology,ASAB,4,227,73.74
BS Biotechnology,ASAB,5,240,73.61
BS Biotechnology,ASAB,6,242,73.59
BS Biotechnology,ASAB,7,242,73.59
BS Biotechnology,ASAB,8,242,73.59
BS Biotechnology,ASAB,9,242,73.59
BS Biotechnology,ASAB,10,253,73.48
BS Biotechnology,ASAB,11,253,73.48
BS Biotechnology,ASAB,Final,253,73.48
BS Chemistry,SNS,1,400,72.02
BS Chemistry,SNS,2,975,67.51
BS Chemistry,SNS,3,1143,66.59
BS Chemistry,SNS,4,1310,65.67
BS Chemistry,SNS,5,1426,65.03
BS Chemistry,SNS,6,1539,61.75
BS Chemistry,SNS,7,1700,56.87
BS Chemistry,SNS,8,1806,57.14
BS Chemistry,SNS,9,1909,54.89
BS Chemistry,SNS,10,1989,54.79
BS Chemistry,SNS,11,2066,54.7
BS Chemistry,SNS,Final,2098,54.67
BS Computer Science,NBC,1,1002,75.3
BS Computer Science,NBC,2,1689,72.75
BS Computer Science,NBC,3,2718,69.87
BS Computer Science,NBC,4,4056,67.58
BS Computer Science,NBC,5,5454,64.33
BS Computer Science,NBC,6,7230,60.41
BS Computer Science,NBC,7,9000,57.7
BS Computer Science,NBC,8,10566,55.09
BS Computer Science,NBC,9,12296,52.2
BS Computer Science,NBC,10,13652,49.93
BS Computer Science,NBC,11,13908,49.5
BS Computer Science,NBC,Final,14263,48.91
BS Computer Science,PNEC,1,622,77.85
BS Computer Science,PNEC,2,1142,74.8
BS Computer Science,PNEC,3,1957,71.8
BS Computer Science,PNEC,4,2799,69.73
BS Computer Science,PNEC,5,3409,68.69
BS Computer Science,PNEC,6,3840,67.95
BS Computer Science,PNEC,7,4063,67.54
BS Computer Science,PNEC,8,4083,67.36
BS Computer Science,PNEC,9,4179,66.46
BS Computer Science,PNEC,10,4246,66.31
BS Computer Science,PNEC,11,4291,66.28
BS Computer Science,PNEC,Final,4419,66.19
BS Computer Science,SEECS,1,282,79.38
BS Computer Science,SEECS,2,466,79.01
BS Computer Science,SEECS,3,602,77.98
BS Computer Science,SEECS,4,662,77.6
BS Computer Science,SEECS,5,668,77.56
BS Computer Science,SEECS,6,670,77.54
BS Computer Science,SEECS,7,679,77.49
BS Computer Science,SEECS,8,692,77.4
BS Computer Science,SEECS,9,728,77.17
BS Computer Science,SEECS,10,730,77.16
BS Computer Science,SEECS,11,781,76.79
BS Computer Science,SEECS,Final,853,76.26
BS Data Science,SEECS,1,328,79.59
BS Data Science,SEECS,2,544,78.42
BS Data Science,SEECS,3,653,77.65
BS Data Science,SEECS,4,723,77.2
BS Data Science,SEECS,5,789,76.73
BS Data Science,SEECS,6,828,76.44
BS Data Science,SEECS,7,833,76.4
BS Data Science,SEECS,8,836,76.38
BS Data Science,SEECS,9,852,76.27
BS Data Science,SEECS,10,866,76.16
BS Data Science,SEECS,11,877,76.08
BS Data Science,SEECS,Final,909,75.85
BS Economics,S3H,1,564,75.59
BS Economics,S3H,2,878,72.77
BS Economics,S3H,3,967,71.99
BS Economics,S3H,4,1017,71.55
BS Economics,S3H,5,1026,71.47
BS Economics,S3H,6,1039,71.36
BS Economics,S3H,7,1047,71.29
BS Economics,S3H,8,1058,71.19
BS Economics,S3H,9,1102,70.86
BS Economics,S3H,10,1179,70.47
BS Economics,S3H,11,1202,70.36
BS Economics,S3H,Final,1248,70.13
BS Food Science,ASAB,1,120,74.8
BS Food Science,ASAB,2,315,72.86
BS Food Science,ASAB,3,656,69.48
BS Food Science,ASAB,4,874,68.07
BS Food Science,ASAB,5,875,68.06
BS Food Science,ASAB,6,866,68.11
BS Food Science,ASAB,7,866,68.11
BS Food Science,ASAB,8,866,68.11
BS Food Science,ASAB,9,866,68.11
BS Food Science,ASAB,10,866,68.11
BS Food Science,ASAB,11,866,68.11
BS Food Science,ASAB,Final,866,68.11
BS Industrial Design,SADA,1,119,67
BS Industrial Design,SADA,2,187,64.09
BS Industrial Design,SADA,3,200,63.54
BS Industrial Design,SADA,4,209,63.17
BS Industrial Design,SADA,5,211,63.09
BS Industrial Design,SADA,6,219,62.75
BS Industrial Design,SADA,7,224,62.54
BS Industrial Design,SADA,8,226,62.46
BS Industrial Design,SADA,9,226,62.46
BS Industrial Design,SADA,10,228,62.38
BS Industrial Design,SADA,11,231,62.25
BS Industrial Design,SADA,Final,231,62.25
BS Information Security,MCS,1,1351,74.02
BS Information Security,MCS,2,2381,70.6
BS Information Security,MCS,3,3230,68.99
BS Information Security,MCS,4,3487,68.55
BS Information Security,MCS,5,3651,68.27
BS Information Security,MCS,6,3848,67.93
BS Information Security,MCS,7,3915,67.82
BS Information Security,MCS,8,3973,67.72
BS Information Security,MCS,9,3979,67.71
BS Information Security,MCS,10,3979,67.71
BS Information Security,MCS,11,3979,67.71
BS Information Security,MCS,Final,3979,67.71
BS Liberal Arts,S3H,1,1295,69.9
BS Liberal Arts,S3H,2,1772,66.6
BS Liberal Arts,S3H,3,2065,64.26
BS Liberal Arts,S3H,4,2441,62.21
BS Liberal Arts,S3H,5,2566,61.54
BS Liberal Arts,S3H,6,2702,60.55
BS Liberal Arts,S3H,7,2837,59.83
BS Liberal Arts,S3H,8,2847,59.81
BS Liberal Arts,S3H,9,2853,59.8
BS Liberal Arts,S3H,10,2985,59.5
BS Liberal Arts,S3H,11,3128,59.19
BS Liberal Arts,S3H,Final,3348,58.7
BS Mass Communication,S3H,1,1043,71.32
BS Mass Communication,S3H,2,1544,68.43
BS Mass Communication,S3H,3,1852,65.96
BS Mass Communication,S3H,4,2102,64.04
BS Mass Communication,S3H,5,2245,63.27
BS Mass Communication,S3H,6,2330,62.81
BS Mass Communication,S3H,7,2361,62.64
BS Mass Communication,S3H,8,2430,62.27
BS Mass Communication,S3H,9,2481,62
BS Mass Communication,S3H,10,2624,61.22
BS Mass Communication,S3H,11,2654,61.02
BS Mass Communication,S3H,Final,2692,60.65
BS Mathematics,SNS,1,500,71.03
BS Mathematics,SNS,2,1887,54.91
BS Mathematics,SNS,3,1447,64.54
BS Mathematics,SNS,4,1575,60.66
BS Mathematics,SNS,5,1677,57.57
BS Mathematics,SNS,6,1782,58.5
BS Mathematics,SNS,7,1858,54.95
BS Mathematics,SNS,8,1935,54.86
BS Mathematics,SNS,9,2011,54.77
BS Mathematics,SNS,10,2088,54.68
BS Mathematics,SNS,11,2244,54.5
BS Mathematics,SNS,Final,2294,54.55
BS Physics,SNS,1,500,71.03
BS Physics,SNS,2,1189,66.34
BS Physics,SNS,3,1398,65.19
BS Physics,SNS,4,1514,62.51
BS Physics,SNS,5,1577,60.6
BS Physics,SNS,6,1640,58.69
BS Physics,SNS,7,1704,56.75
BS Physics,SNS,8,1768,54.8
BS Physics,SNS,9,1828,54.98
BS Physics,SNS,10,1888,54.91
BS Physics,SNS,11,1963,54.83
BS Physics,SNS,Final,1987,54.8
BS Psychology,S3H,1,811,73.35
BS Psychology,S3H,2,1305,69.85
BS Psychology,S3H,3,1556,68.33
BS Psychology,S3H,4,1672,67.4
BS Psychology,S3H,5,1708,67.12
BS Psychology,S3H,6,1728,66.96
BS Psychology,S3H,7,1783,66.52
BS Psychology,S3H,8,1872,65.8
BS Psychology,S3H,9,1930,65.34
BS Psychology,S3H,10,2035,64.5
BS Psychology,S3H,11,2107,64.02
BS Psychology,S3H,Final,2267,63.15
BS Public Administration,S3H,1,1003,71.67
BS Public Administration,S3H,2,1520,68.62
BS Public Administration,S3H,3,1803,66.36
BS Public Administration,S3H,4,2015,64.66
BS Public Administration,S3H,5,2096,64.07
BS Public Administration,S3H,6,2144,63.82
BS Public Administration,S3H,7,2144,63.82
BS Public Administration,S3H,8,2147,63.8
BS Public Administration,S3H,9,2177,63.64
BS Public Administration,S3H,10,2249,63.25
BS Public Administration,S3H,11,2284,63.06
BS Public Administration,S3H,Final,2531,61.73
BS Tourism & Hospitality,NBS,1,1165,70.54
BS Tourism & Hospitality,NBS,2,1611,67.89
BS Tourism & Hospitality,NBS,3,1877,65.76
BS Tourism & Hospitality,NBS,4,2144,63.82
BS Tourism & Hospitality,NBS,5,2199,63.52
BS Tourism & Hospitality,NBS,6,2242,63.29
BS Tourism & Hospitality,NBS,7,2290,63.03
BS Tourism & Hospitality,NBS,8,2327,62.83
BS Tourism & Hospitality,NBS,9,2432,62.26
BS Tourism & Hospitality,NBS,10,2596,61.37
BS Tourism & Hospitality,NBS,11,2745,60.13
BS Tourism & Hospitality,NBS,Final,2809,59.89
Environmental Sciences,IESE,1,224,73.77
Environmental Sciences,IESE,2,386,72.16
Environmental Sciences,IESE,3,480,71.23
Environmental Sciences,IESE,4,508,70.95
Environmental Sciences,IESE,5,575,70.28
Environmental Sciences,IESE,6,607,69.96
Environmental Sciences,IESE,7,639,69.65
Environmental Sciences,IESE,8,658,69.46
Environmental Sciences,IESE,9,675,69.29
Environmental Sciences,IESE,10,697,69.07
Environmental Sciences,IESE,11,759,68.7
Environmental Sciences,IESE,Final,789,68.53
LLB,NLS,1,100,80
LLB,NLS,2,160,79.4
LLB,NLS,3,204,78.96
LLB,NLS,4,224,78.76
LLB,NLS,5,234,78.66
LLB,NLS,6,242,78.58
LLB,NLS,7,249,78.51
LLB,NLS,8,255,78.45
LLB,NLS,9,260,78.4
LLB,NLS,10,261,78.39
LLB,NLS,11,263,78.37
LLB,NLS,Final,264,78.36
